start_date_local,type,name,distance,moving_time,total_elevation_gain,average_speed,max_speed,average_heartrate,max_heartrate
2022-11-18T08:38:29Z,Walk,Morning Walk,3563.3,2122,99.0,1.679,5.622,100.8,130.0
2022-11-17T16:06:02Z,Ride,Evening Ride,30646.5,5742,130.0,5.337,12.612,121.1,166.0
2022-11-15T17:42:54Z,Ride,Evening Ride,34271.7,5653,118.0,6.063,10.222,121.5,167.0
2022-11-12T08:05:43Z,Ride,Morning Ride,181300.0,28762,808.0,6.303,14.963,149.3,179.0
2022-11-10T20:22:58Z,Walk,Evening Walk,4251.3,3305,70.0,1.286,2.009,88.0,141.0
2022-11-09T16:24:20Z,Ride,Evening Ride,22213.7,3718,136.0,5.975,13.664,149.3,178.0
2022-11-08T16:51:57Z,Ride,Evening Ride,26106.6,4875,191.0,5.355,11.898,129.6,177.0
2022-11-07T14:28:39Z,Ride,Afternoon Ride,6664.6,1250,71.0,5.332,14.294,149.0,178.0
2022-11-06T13:04:33Z,Ride,Afternoon Ride,50679.0,8435,278.0,6.008,12.335,127.8,174.0
2022-11-05T10:43:44Z,Walk,Morning Walk,7818.6,5891,110.0,1.327,6.625,80.0,132.0
2022-11-04T10:54:09Z,Ride,Morning Ride,47696.0,8380,194.0,5.692,10.722,117.7,166.0
2022-11-03T20:11:12Z,Walk,Evening Walk,4124.7,2706,48.0,1.524,3.215,83.0,97.0
2022-11-02T12:20:44Z,Hike,Afternoon Hike,11618.8,8160,80.0,1.424,3.376,77.8,119.0
2022-11-01T12:13:36Z,Ride,Afternoon Ride,60188.7,12287,443.0,4.899,12.326,119.6,192.0
2022-10-31T12:28:52Z,Run,Afternoon Run,6370.2,2159,27.0,2.951,5.205,169.1,186.0
2022-10-30T12:00:43Z,Ride,Afternoon Ride,44215.0,7698,212.0,5.744,13.25,128.9,179.0
2022-10-28T17:56:11Z,Walk,Evening Walk,4344.0,3058,68.0,1.421,4.803,92.4,132.0
2022-10-28T10:43:47Z,Ride,Morning Ride,51028.2,9528,284.0,5.356,11.458,120.0,164.0
2022-10-27T11:49:33Z,Ride,Afternoon Ride,12105.0,2551,95.0,4.745,10.87,112.5,141.0
2022-10-25T15:45:43Z,Ride,Evening Ride,44231.0,7759,199.0,5.701,17.746,130.7,175.0
2022-10-25T12:39:06Z,Walk,Afternoon Walk,6027.1,4640,72.0,1.299,3.154,86.9,127.0
2022-10-24T13:20:00Z,Run,Afternoon Run,6388.0,2284,23.0,2.797,6.004,163.7,177.0
2022-10-23T12:17:00Z,Hike,Afternoon Hike,12357.3,9970,131.0,1.239,2.846,82.9,105.0
2022-10-22T12:26:58Z,Walk,Afternoon Walk,5704.8,5165,36.0,1.105,3.744,80.3,115.0
2022-10-20T15:20:00Z,Ride,Evening Ride,32352.3,5025,230.0,6.438,13.158,153.6,179.0
2022-10-19T19:27:37Z,Walk,Evening Walk,3995.9,3005,28.0,1.33,5.405,107.0,130.0
2022-10-18T15:03:13Z,Walk,Evening Walk,2961.3,2199,73.0,1.347,17.25,99.8,121.0
2022-10-18T12:32:36Z,Swim,Afternoon Swim,100.0,220,0.0,0.455,0.635,92.9,132.0
2022-10-18T10:57:09Z,Walk,Morning Walk,2863.2,2148,18.0,1.333,2.488,76.5,97.0
2022-10-17T18:25:51Z,Ride,Evening Ride,14618.0,2495,134.0,5.859,13.552,151.2,183.0
2022-10-16T16:34:52Z,Ride,Evening Ride,12340.0,2525,43.0,4.887,8.936,110.1,134.0
2022-10-15T12:34:54Z,Ride,Afternoon Ride,70372.3,11518,366.0,6.11,16.623,143.1,182.0
2022-10-14T16:27:29Z,Walk,Evening Walk,8055.0,6131,134.0,1.314,10.09,86.5,146.0
2022-10-13T19:31:14Z,Ride,Evening Ride,30882.9,6188,140.0,4.991,9.809,130.1,183.0
2022-10-12T20:45:55Z,Walk,Evening Walk,4772.2,2594,15.0,1.84,2.864,106.6,124.0
2022-10-11T13:04:01Z,Hike,Afternoon Hike,17015.4,12467,71.0,1.365,3.318,80.1,107.0
2022-10-09T11:09:38Z,Hike,Afternoon Hike,13021.2,9719,134.0,1.34,2.563,85.9,112.0
2022-10-08T10:59:18Z,Ride,Morning Ride,71407.5,13531,855.0,5.277,15.741,135.0,179.0
2022-10-06T13:12:16Z,Ride,Afternoon Ride,32048.3,5039,214.0,6.36,14.884,155.1,184.0
2022-10-05T20:22:15Z,Walk,Evening Walk,4297.1,2759,15.0,1.557,2.926,95.1,118.0
2022-10-04T13:04:28Z,Hike,Afternoon Hike,13117.6,12727,285.0,1.031,2.98,85.5,130.0
2022-10-01T17:57:17Z,Walk,Evening Walk,2524.5,2946,6.0,0.857,6.223,91.6,128.0
2022-10-01T11:45:45Z,Walk,Afternoon Walk,980.5,1331,6.0,0.737,3.922,78.9,112.0
2022-09-29T17:55:22Z,Run,Evening Run,6035.1,2295,17.0,2.63,4.538,159.6,171.0
2022-09-27T12:28:37Z,Ride,Afternoon Ride,50223.6,8479,226.0,5.923,14.388,124.1,169.0
2022-09-26T14:07:29Z,Ride,Afternoon Ride,44299.8,7279,209.0,6.086,13.174,144.0,179.0
2022-09-25T12:19:34Z,Walk,Afternoon Walk,5339.6,3765,20.0,1.418,2.622,92.3,116.0
2022-09-24T12:02:51Z,Walk,Afternoon Walk,11088.0,9892,48.0,1.121,2.52,84.1,130.0
2022-09-23T07:40:48Z,Ride,Morning Ride,23604.1,4305,174.0,5.483,14.706,120.7,156.0
2022-09-22T13:43:13Z,Ride,Afternoon Ride,22120.1,4051,145.0,5.46,13.402,130.3,180.0
2022-09-21T18:28:49Z,Run,Evening Run,5023.1,2004,14.0,2.507,4.251,143.2,162.0
2022-09-20T14:58:27Z,Walk,Afternoon Walk,7037.3,5726,43.0,1.229,4.17,77.7,103.0
2022-09-04T15:51:48Z,Ride,Evening Ride,30593.7,5819,119.0,5.258,9.667,115.9,159.0
2022-09-02T20:21:19Z,Walk,Evening Walk,5156.7,4007,51.0,1.287,2.586,82.6,113.0
2022-08-29T20:16:21Z,Run,Evening Run,6041.0,2466,20.0,2.45,4.572,151.3,163.0
2022-08-27T15:09:38Z,Ride,Evening Ride,45307.9,8136,176.0,5.569,12.333,110.0,144.0
2022-08-26T18:54:27Z,Ride,Evening Ride,34093.0,6133,207.0,5.559,18.076,117.5,185.0
2022-08-25T20:05:51Z,Walk,Evening Walk,2584.5,2012,8.0,1.285,2.423,75.8,95.0
2022-08-24T18:47:17Z,Ride,Evening Ride,30334.4,6644,145.0,4.566,13.906,101.6,176.0
2022-08-23T18:42:56Z,Ride,Evening Ride,44552.3,6412,205.0,6.948,16.602,149.9,196.0
2022-08-20T09:38:52Z,Run,Morning Run,7781.4,3356,69.0,2.319,4.998,147.0,172.0
2022-08-17T19:04:44Z,Ride,Evening Ride,24172.2,4395,139.0,5.5,14.146,118.1,172.0
2022-08-15T11:21:00Z,Ride,Afternoon Ride,52632.0,11055,308.0,4.761,10.508,115.3,161.0
2022-08-14T15:26:18Z,Ride,Evening Ride,36796.5,6645,174.0,5.537,11.082,121.8,173.0
2022-08-13T20:16:30Z,Ride,Evening Ride,30040.7,5891,140.0,5.099,10.142,119.8,168.0
2022-08-11T18:45:10Z,Ride,Evening Ride,7595.2,1829,95.0,4.153,11.638,111.0,169.0
2022-08-10T19:01:58Z,Run,Evening Run,6248.8,2293,24.0,2.725,3.934,158.5,179.0
2022-08-09T19:15:22Z,Ride,Evening Ride,35045.1,6147,205.0,5.701,15.114,123.3,175.0
2022-08-07T13:57:28Z,Surfing,Afternoon Surfing,5156.6,3653,11.9,1.412,8.62,84.0,132.0
2022-08-05T19:07:08Z,Kayaking,Evening Kayaking,15129.6,8115,9.0,1.864,3.661,80.1,120.0
2022-08-05T11:58:07Z,Ride,Afternoon Ride,18155.4,2856,131.0,6.357,13.308,150.6,184.0
2022-08-03T18:39:10Z,Ride,Evening Ride,10099.1,2276,100.0,4.437,13.788,102.0,154.0
2022-08-01T20:08:44Z,Walk,Evening Walk,3686.5,2719,53.0,1.356,2.388,95.7,157.0
2022-07-26T18:03:39Z,Walk,Evening Walk,6680.4,4796,45.0,1.393,2.63,76.6,103.0
2022-07-22T16:55:24Z,Ride,Evening Ride,25013.8,5234,138.0,4.779,12.708,97.9,156.0
2022-07-19T19:16:36Z,Ride,Evening Ride,20139.3,3912,62.0,5.148,10.717,96.1,125.0
2022-07-14T10:16:48Z,Walk,Morning Walk,23430.1,20385,270.0,1.149,9.331,77.2,114.0
2022-07-13T10:42:08Z,Walk,Morning Walk,20640.3,17302,145.0,1.193,8.294,77.3,103.0
2022-07-12T12:35:31Z,Hike,Afternoon Hike,8694.9,9324,559.0,0.933,3.996,114.7,182.0
2022-07-11T13:23:19Z,Hike,Afternoon Hike,21321.1,17699,558.0,1.205,12.302,89.1,145.0
2022-07-10T10:49:02Z,Hike,Morning Hike,22172.2,22410,1376.0,0.989,3.423,118.2,176.0
2022-07-09T15:06:17Z,Hike,Evening Hike,12124.7,11514,488.0,1.053,2.202,102.5,169.0
2022-07-08T14:19:22Z,Hike,Afternoon Hike,16024.4,15583,876.0,1.028,4.19,102.2,168.0
2022-07-07T14:44:22Z,Hike,Afternoon Hike,8097.1,9156,714.0,0.884,3.7,99.9,153.0
2022-07-06T20:12:28Z,Hike,Evening Hike,10076.2,9370,537.0,1.075,3.724,105.6,168.0
2022-07-06T11:49:48Z,Hike,Afternoon Hike,5298.9,4968,277.0,1.067,3.14,88.1,133.0
2022-07-05T10:12:31Z,Walk,Morning Walk,20022.9,17485,302.0,1.145,13.181,75.5,111.0
2022-06-26T10:34:01Z,Ride,Morning Ride,50063.3,9526,195.0,5.255,10.933,116.9,245.0
2022-06-25T10:39:14Z,Ride,Morning Ride,41033.8,10441,246.0,3.93,10.367,103.1,167.0
2022-06-24T13:44:36Z,Ride,Afternoon Ride,91138.5,16961,304.0,5.373,13.002,118.0,173.0
2022-06-23T17:18:28Z,Ride,Evening Ride,57878.5,10686,346.0,5.416,11.01,122.9,171.0
2022-06-22T19:26:18Z,Ride,Evening Ride,43944.0,7017,203.0,6.263,13.524,135.1,183.0
2022-06-19T14:26:25Z,Walk,Afternoon Walk,7397.6,6427,65.0,1.151,3.737,77.5,103.0
2022-06-18T13:52:26Z,Kayaking,Afternoon Kayaking,20023.9,17353,26.0,1.154,3.165,81.0,106.0
2022-06-15T18:48:05Z,Run,Evening Run,6027.1,2157,15.0,2.794,4.315,151.7,170.0
2022-06-12T17:36:01Z,Hike,Evening Hike,3037.3,2829,24.0,1.074,2.563,84.2,106.0
2022-06-09T18:01:16Z,Ride,Evening Ride,72447.2,11006,360.0,6.583,12.187,136.9,186.0
2022-06-08T20:25:12Z,Ride,Evening Ride,22135.3,4542,138.0,4.873,14.66,117.5,173.0
2022-06-07T18:57:44Z,Ride,Evening Ride,27460.2,5193,170.0,5.288,16.268,104.7,148.0
2022-06-06T17:42:10Z,Ride,Evening Ride,86443.9,13312,402.0,6.494,13.962,143.3,185.0
2022-06-03T19:28:10Z,Walk,Evening Walk,5099.7,3588,52.0,1.421,2.581,79.3,122.0
2022-06-02T19:30:11Z,Ride,Evening Ride,52444.8,9964,365.0,5.263,11.918,121.5,169.0
2022-06-01T19:26:27Z,Hike,Evening Hike,5437.6,4889,66.0,1.112,3.242,88.1,126.0
2022-05-31T21:04:29Z,Ride,Night Ride,40214.8,7188,206.0,5.595,13.132,119.1,163.0
2022-05-29T18:15:26Z,Ride,Evening Ride,25083.4,4964,136.0,5.053,16.458,100.1,130.0
2022-05-29T11:39:14Z,Hike,Afternoon Hike,8638.7,7076,104.0,1.221,2.62,89.1,119.0
2022-05-28T16:28:10Z,StandUpPaddling,Evening StandUpPaddling,3549.7,3357,0.0,1.057,1.8,73.8,99.0
2022-05-28T12:40:36Z,EBikeRide,Afternoon EBikeRide,2914.3,359,28.0,8.118,18.96,93.3,106.0
2022-05-24T16:43:35Z,Walk,Evening Walk,3522.5,3025,8.0,1.164,2.123,85.9,101.0
2022-05-23T10:21:14Z,Ride,Morning Ride,194467.0,43188,1905.0,4.503,13.628,125.9,159.0
2022-05-22T10:50:40Z,Ride,Morning Ride,143382.0,38096,1483.0,3.764,16.408,125.0,162.0
2022-05-21T06:50:29Z,Ride,Morning Ride,187246.0,43870,1868.0,4.268,14.013,133.6,164.0
2022-05-20T09:15:31Z,Ride,Morning Ride,198055.0,44280,1791.0,4.473,14.655,150.3,188.0
2022-05-19T15:41:11Z,Ride,Evening Ride,16000.5,4341,102.0,3.686,9.542,101.7,131.0
2022-05-17T20:13:34Z,Ride,Evening Ride,25404.2,5677,235.0,4.475,9.228,127.2,172.0
2022-05-16T20:53:58Z,Walk,Evening Walk,6093.4,4068,18.0,1.498,2.454,94.9,118.0
2022-05-15T11:54:10Z,Ride,Afternoon Ride,74019.6,12526,338.0,5.909,12.547,127.1,177.0
2022-05-14T17:18:23Z,Ride,Evening Ride,34503.9,6589,287.0,5.237,16.752,127.0,187.0
2022-05-13T16:46:12Z,Ride,Evening Ride,50755.7,10085,420.0,5.033,13.245,136.9,191.0
2022-05-11T19:39:02Z,Walk,Evening Walk,6095.9,4426,19.0,1.377,2.433,85.0,115.0
2022-05-10T19:00:49Z,Ride,Evening Ride,30352.1,5782,179.0,5.249,12.822,115.3,160.0
2022-05-08T12:44:49Z,Ride,Afternoon Ride,63274.9,14369,589.0,4.404,12.216,123.6,170.0
2022-05-07T10:26:31Z,Ride,Morning Ride,102211.0,25177,1012.0,4.06,12.664,123.2,166.0
2022-05-06T19:29:42Z,Ride,Evening Ride,14968.8,3796,89.0,3.943,10.487,110.1,138.0
2022-05-05T20:13:50Z,Ride,Evening Ride,20360.9,4792,100.0,4.249,13.417,101.3,167.0
2022-05-04T19:29:38Z,Run,Evening Run,6020.2,2464,26.0,2.443,4.06,156.6,169.0
2022-05-02T20:21:15Z,Walk,Evening Walk,7284.8,4920,111.0,1.481,2.726,96.5,151.0
2022-04-28T20:27:41Z,Walk,Evening Walk,6498.1,5187,71.0,1.253,2.706,84.7,136.0
2022-04-27T18:57:13Z,Ride,Evening Ride,26438.6,4582,108.0,5.77,9.924,129.2,168.0
2022-04-25T17:46:45Z,Ride,Evening Ride,50295.9,8282,181.0,6.073,12.594,137.1,160.0
2022-04-24T18:38:29Z,Run,Evening Run,8123.8,3448,36.0,2.356,5.7,145.8,180.0
2022-04-24T15:43:38Z,Walk,Evening Walk,2150.1,1631,10.0,1.318,2.752,100.0,119.0
2022-04-22T16:59:26Z,Ride,Evening Ride,36366.9,7221,247.0,5.036,13.556,125.5,176.0
2022-04-21T17:25:33Z,Ride,Evening Ride,60176.1,11917,308.0,5.05,14.104,133.6,165.0
2022-04-21T12:08:00Z,Run,Afternoon Run,5141.0,1991,28.0,2.582,4.064,153.5,168.0
2022-04-21T12:08:00Z,Run,Afternoon Run,5141.0,1991,28.0,2.582,4.064,153.5,169.0
2022-04-19T19:02:13Z,Ride,Evening Ride,70118.1,11162,249.0,6.282,13.915,155.8,179.0
2022-04-18T15:36:37Z,Walk,Evening Walk,5331.8,4326,76.0,1.233,2.266,94.4,117.0
2022-04-17T20:17:56Z,Ride,Evening Ride,23017.7,3822,83.0,6.022,9.056,128.6,160.0
2022-04-17T10:41:40Z,Walk,Morning Walk,2523.8,2344,11.0,1.077,3.219,69.7,90.0
2022-04-16T15:35:47Z,Ride,Evening Ride,35091.1,6340,153.0,5.535,11.314,135.9,173.0
2022-04-14T19:04:32Z,Ride,Evening Ride,15148.9,2945,136.0,5.144,15.478,134.5,167.0
2022-04-14T18:01:24Z,Run,Evening Run,7084.8,2872,24.0,2.467,3.959,156.2,172.0
2022-04-13T19:35:20Z,Ride,Evening Ride,30156.2,5692,142.0,5.298,12.43,137.2,173.0
2022-04-11T20:09:50Z,Walk,Evening Walk,5359.2,3616,67.0,1.482,2.6,98.3,149.0
2022-04-10T11:10:39Z,Ride,Afternoon Ride,100446.0,17956,419.0,5.594,16.084,145.1,191.0
2022-04-09T14:31:49Z,Hike,Afternoon Hike,6501.7,4632,98.0,1.404,3.53,99.7,159.0
2022-04-07T19:37:54Z,Walk,Evening Walk,8405.0,6272,82.0,1.34,2.514,99.6,140.0
2022-04-07T12:18:17Z,Run,Afternoon Run,4607.7,1784,51.0,2.583,3.894,169.5,181.0
2022-04-03T14:58:54Z,Ride,Afternoon Ride,32271.6,7225,154.0,4.467,10.205,118.0,175.0
2022-04-02T10:16:07Z,Walk,Morning Walk,5164.7,4023,33.0,1.284,3.633,110.9,156.0
2022-04-01T12:06:44Z,Ride,Afternoon Ride,5013.2,868,16.0,5.776,8.864,107.4,135.0
2022-04-01T08:13:25Z,Ride,Morning Ride,2375.0,433,11.0,5.485,7.499,91.4,110.0
2022-03-31T17:50:46Z,Ride,Evening Ride,43249.5,8517,204.0,5.078,13.052,135.5,185.0
2022-03-27T13:53:13Z,Ride,Afternoon Ride,36810.1,8674,120.0,4.244,8.233,120.2,157.0
2022-03-25T17:07:19Z,Ride,Evening Ride,35798.5,6868,266.0,5.212,12.388,125.3,175.0
2022-03-23T19:03:24Z,Walk,Evening Walk,5770.4,3834,82.0,1.505,4.623,95.3,137.0
2022-03-22T17:59:47Z,Ride,Evening Ride,32877.0,6665,227.0,4.933,13.592,148.8,190.0
2022-03-20T14:19:55Z,Ride,Afternoon Ride,64006.2,12011,252.0,5.329,10.566,141.0,179.0
2022-03-19T13:44:59Z,Walk,Afternoon Walk,5526.4,5533,60.0,0.999,6.95,92.3,134.0
2022-03-16T17:37:24Z,Ride,Evening Ride,41706.9,7116,148.0,5.861,15.16,142.7,177.0
2022-03-12T11:35:19Z,Hike,Afternoon Hike,15403.6,12677,61.0,1.215,3.658,85.2,125.0
2022-03-11T18:57:21Z,Walk,Evening Walk,2765.3,2676,27.0,1.033,6.068,90.1,124.0
2022-03-09T18:03:54Z,Walk,Evening Walk,6256.4,4701,27.0,1.331,2.546,94.6,119.0
2022-03-06T12:58:43Z,Ride,Afternoon Ride,32715.8,7787,255.0,4.201,8.708,138.6,182.0
2022-03-04T16:41:10Z,Walk,Evening Walk,4690.6,3452,77.0,1.359,2.712,89.1,126.0
2022-03-03T18:52:56Z,Ride,Evening Ride,20522.4,3874,84.0,5.297,12.032,131.6,174.0
2022-02-27T15:56:33Z,Ride,Evening Ride,25017.8,4880,122.0,5.127,9.865,118.2,151.0
2022-02-25T09:11:46Z,Snowboard,Morning Snowboard,48761.6,6776,0.0,7.196,21.186,102.8,135.0
2022-02-24T09:04:38Z,Snowboard,Morning Snowboard,57034.8,8980,0.0,6.351,16.958,103.3,126.0
2022-02-23T12:35:07Z,Hike,Afternoon Hike,8980.6,8870,54.0,1.012,2.132,98.9,129.0
2022-02-23T10:04:42Z,Hike,Morning Hike,4301.7,4516,466.0,0.953,3.101,123.3,175.0
2022-02-22T09:12:55Z,Snowboard,Morning Snowboard,44780.1,6600,0.0,6.785,17.922,96.1,119.0
2022-02-21T09:48:22Z,Snowboard,Morning Snowboard,34000.4,6544,0.0,5.196,16.44,103.3,132.0
2022-02-20T10:01:42Z,Snowboard,Morning Snowboard,38129.6,7137,0.0,5.343,16.798,146.9,192.0
2022-02-16T13:03:10Z,Walk,Afternoon Walk,7015.3,5133,40.0,1.367,3.992,99.5,139.0
2022-02-13T12:23:46Z,Hike,Afternoon Hike,10055.6,8910,303.0,1.129,2.248,103.7,147.0
2022-02-12T12:02:30Z,Ride,Afternoon Ride,43563.0,8772,176.0,4.966,10.313,123.8,165.0
2022-02-10T19:54:52Z,Walk,Evening Walk,2044.9,1490,17.0,1.372,2.239,80.6,111.0
2022-02-07T17:47:56Z,WeightTraining,Evening WeightTraining,0.0,5409,0.0,0.0,0.0,112.3,147.0
2022-02-06T15:29:23Z,Walk,Evening Walk,3032.1,2093,25.0,1.449,2.219,99.5,126.0
2022-02-06T14:09:55Z,Walk,Afternoon Walk,3327.3,2393,24.0,1.39,2.976,82.3,103.0
2022-02-05T12:53:25Z,Hike,Afternoon Hike,6661.6,5675,112.0,1.174,2.412,101.8,142.0
2022-02-02T12:01:13Z,Walk,Afternoon Walk,3619.8,2097,41.0,1.726,2.517,118.4,152.0
2022-02-01T20:46:38Z,Walk,Evening Walk,4264.5,3033,52.0,1.406,3.226,112.4,130.0
2022-01-27T18:03:25Z,WeightTraining,Evening WeightTraining,0.0,3373,0.0,0.0,0.0,130.5,159.0
2022-01-23T09:03:37Z,Hike,Morning Hike,16001.5,12079,95.0,1.325,3.368,112.8,149.0
2022-01-22T15:10:15Z,Walk,Evening Walk,8407.7,6999,79.0,1.201,5.059,102.9,160.0
2022-01-16T15:21:55Z,Walk,Evening Walk,4344.8,2967,60.0,1.464,3.046,100.4,135.0
2022-01-15T13:33:53Z,Ride,Afternoon Ride,41293.7,9014,358.0,4.581,13.452,142.7,189.0
2022-01-11T17:41:07Z,WeightTraining,Evening WeightTraining,0.0,5320,0.0,0.0,0.0,132.8,176.0
2022-01-10T20:11:32Z,Ride,Evening Ride,17391.1,3607,47.0,4.821,10.43,124.1,170.0
2022-01-09T10:11:22Z,Ride,Morning Ride,31533.8,5429,189.0,5.808,12.426,149.9,183.0
2022-01-08T11:28:31Z,Walk,Afternoon Walk,8408.3,6840,69.3,1.229,2.912,,
2022-01-06T17:21:42Z,WeightTraining,Evening WeightTraining,0.0,4285,0.0,0.0,0.0,123.9,153.0
2022-01-05T18:24:29Z,Ride,Evening Ride,26639.3,4507,109.0,5.911,12.687,140.6,174.0
2022-01-01T10:15:07Z,Hike,Morning Hike,6068.8,5550,272.0,1.093,2.986,110.5,156.0
2021-12-31T09:08:34Z,Snowboard,Morning Snowboard,39803.5,8159,0.0,4.878,14.238,102.4,133.0
2021-12-30T09:00:22Z,Snowboard,Morning Snowboard,35601.6,8578,0.0,4.15,13.156,99.7,129.0
2021-12-29T11:49:52Z,Walk,Afternoon Walk,8333.8,6914,31.0,1.205,2.991,92.3,123.0
2021-12-28T19:35:04Z,Walk,Evening Walk,6305.6,4287,45.0,1.471,10.738,101.2,135.0
2021-12-28T12:12:34Z,Snowboard,Afternoon Snowboard,1029.8,519,0.0,1.984,4.66,106.6,119.0
2021-12-27T17:25:54Z,Walk,Evening Walk,10046.7,7291,89.0,1.378,2.41,82.6,137.0
2021-12-24T13:53:54Z,Run,Afternoon Run,6043.9,2522,24.0,2.396,3.658,147.8,167.0
2021-12-23T15:55:15Z,Walk,Evening Walk,1527.0,853,12.0,1.79,3.354,118.8,136.0
2021-12-16T18:37:11Z,Ride,Evening Ride,45062.0,8087,184.0,5.572,11.173,138.7,180.0
2021-12-12T12:23:28Z,Hike,Afternoon Hike,2158.0,2098,15.0,1.029,4.276,98.4,134.0
2021-12-05T13:46:16Z,Ride,Afternoon Ride,32731.5,7619,89.0,4.296,7.234,112.4,145.0
2021-12-01T18:21:14Z,Run,Evening Run,5013.2,1907,18.0,2.629,4.23,156.2,180.0
2021-11-29T20:37:38Z,Walk,Evening Walk,2559.8,1896,9.0,1.35,2.93,85.5,113.0
2021-11-27T14:33:38Z,Ride,Afternoon Ride,50114.5,9014,263.0,5.56,14.636,133.5,183.0
2021-11-24T19:27:45Z,Ride,Evening Ride,16067.9,3091,55.0,5.198,8.536,107.1,138.0
2021-11-20T08:03:20Z,Ride,Morning Ride,63210.8,10387,439.0,6.086,18.004,146.4,192.0
2021-11-18T18:16:17Z,Ride,Evening Ride,50511.2,9011,264.0,5.606,14.428,136.5,194.0
2021-11-16T18:51:00Z,Ride,Evening Ride,50216.1,8034,149.0,6.25,12.72,142.7,172.0
2021-11-14T19:25:25Z,Ride,Evening Ride,11289.2,1895,39.0,5.957,10.308,122.6,144.0
2021-11-13T10:45:56Z,Ride,Morning Ride,43512.9,8286,382.0,5.251,12.29,150.2,197.0
2021-11-12T16:42:22Z,Ride,Evening Ride,50797.0,8633,279.0,5.884,12.792,135.7,190.0
2021-11-11T20:43:40Z,Run,Evening Run,6224.2,2444,15.0,2.547,4.508,156.7,173.0
2021-11-07T10:49:52Z,Ride,Morning Ride,50109.7,9025,317.0,5.552,12.692,138.1,185.0
2021-10-31T21:57:37Z,Ride,Night Ride,2629.2,609,60.0,4.317,7.823,117.2,143.0
2021-10-31T10:15:16Z,Ride,Morning Ride,114212.0,19625,339.0,5.82,13.208,134.1,176.0
2021-10-30T08:55:01Z,Ride,Morning Ride,240426.0,34703,568.0,6.928,13.972,147.3,170.0
2021-10-29T18:21:00Z,Ride,Evening Ride,11781.9,2270,23.0,5.19,8.625,119.4,160.0
2021-10-26T18:42:42Z,Ride,Evening Ride,44136.9,7287,144.0,6.057,13.116,142.8,181.0
2021-10-24T12:46:42Z,Ride,Afternoon Ride,70766.9,11762,468.0,6.017,15.81,148.0,189.0
2021-10-22T18:40:28Z,Ride,Evening Ride,30864.5,4768,177.0,6.473,12.576,157.1,193.0
2021-10-19T18:49:36Z,Ride,Evening Ride,35925.8,5829,157.0,6.163,14.006,159.5,194.0
2021-10-17T12:18:47Z,Ride,Afternoon Ride,80242.9,13117,173.0,6.117,10.5,136.2,173.0
2021-10-16T11:27:00Z,Ride,Afternoon Ride,26454.9,4776,62.0,5.539,10.6,137.4,193.0
2021-10-14T19:49:47Z,Walk,Evening Walk,2824.4,1968,14.0,1.435,3.6,96.9,122.0
2021-10-13T19:02:56Z,Ride,Evening Ride,30301.2,5770,152.0,5.252,10.7,126.8,176.0
2021-10-12T18:30:35Z,Ride,Evening Ride,33159.8,6516,254.0,5.089,11.8,151.7,189.0
2021-10-10T12:12:14Z,Ride,Afternoon Ride,50470.0,8781,161.0,5.748,15.3,120.6,167.0
2021-10-03T14:03:43Z,Hike,Afternoon Hike,6457.7,5517,441.0,1.171,2.3,101.6,144.0
2021-10-02T15:59:37Z,Hike,Evening Hike,8105.3,6972,181.0,1.163,4.4,96.7,127.0
2021-10-02T11:46:14Z,Hike,Afternoon Hike,9064.5,6291,429.0,1.441,3.2,115.0,149.0
2021-10-02T09:56:59Z,Hike,Morning Hike,1331.6,1405,63.0,0.948,3.5,95.3,124.0
2021-10-01T13:26:48Z,Hike,Afternoon Hike,1509.1,1238,31.0,1.219,3.3,94.5,117.0
2021-10-01T11:00:23Z,Hike,Afternoon Hike,2960.8,2476,367.0,1.196,6.4,113.5,159.0
2021-10-01T09:26:47Z,Hike,Morning Hike,1596.7,1377,22.0,1.16,1.9,87.9,132.0
2021-10-01T08:09:18Z,Hike,Morning Hike,2291.7,2039,77.0,1.124,4.0,103.5,138.0
2021-09-30T16:19:12Z,Hike,Evening Hike,2296.0,1769,88.0,1.298,1.9,108.9,141.0
2021-09-30T13:28:24Z,Hike,Afternoon Hike,5067.0,3940,289.0,1.286,5.1,105.8,152.0
2021-09-30T11:19:15Z,Hike,Afternoon Hike,4472.1,3830,235.0,1.168,2.4,97.6,128.0
2021-09-29T17:18:40Z,Hike,Evening Hike,6017.3,4580,412.0,1.314,4.7,128.6,185.0
2021-09-29T16:03:38Z,Hike,Evening Hike,1757.3,1550,50.0,1.134,3.0,93.6,118.0
2021-09-29T13:27:04Z,Hike,Afternoon Hike,3393.1,3367,61.4,1.008,2.9,85.9,113.0
2021-09-29T08:58:59Z,Hike,Morning Hike,9408.4,8533,194.0,1.103,3.0,99.6,138.0
2021-09-28T14:43:21Z,Hike,Afternoon Hike,10287.0,9027,317.0,1.14,2.7,100.5,135.0
2021-09-27T13:48:07Z,Hike,Afternoon Hike,5500.5,5957,422.0,0.923,3.1,115.9,191.0
2021-09-27T09:15:19Z,Hike,Morning Hike,5024.6,4528,272.0,1.11,2.0,101.9,153.0
2021-09-26T10:24:46Z,Hike,Morning Hike,5564.0,3782,194.0,1.471,4.0,114.1,161.0
2021-09-25T16:30:27Z,Hike,Evening Hike,1866.4,2106,55.0,0.886,2.1,89.4,118.0
2021-09-25T15:24:57Z,Hike,Evening Hike,786.1,672,6.0,1.17,1.9,94.6,116.0
2021-09-25T13:21:37Z,Hike,Afternoon Hike,4206.3,3829,106.0,1.099,2.6,106.4,143.0
2021-09-25T09:39:10Z,Hike,Morning Hike,9037.1,6864,219.0,1.317,4.1,102.9,173.0
2021-09-24T14:13:04Z,Hike,Afternoon Hike,9500.2,8169,364.0,1.163,5.7,105.7,176.0
2021-09-24T12:32:49Z,Hike,Afternoon Hike,3874.2,2937,42.0,1.319,2.1,87.6,119.0
2021-09-24T11:04:35Z,Hike,Afternoon Hike,2602.7,2262,50.0,1.151,3.0,104.7,130.0
2021-09-23T10:08:49Z,Hike,Morning Hike,2228.3,2209,69.0,1.009,2.2,92.3,130.0
2021-09-22T09:56:41Z,Hike,Morning Hike,4248.3,3072,232.0,1.383,3.8,125.8,168.0
2021-09-20T14:19:04Z,Hike,Afternoon Hike,1238.3,1079,106.0,1.148,7.1,105.0,140.0
2021-09-19T13:20:21Z,Walk,Afternoon Walk,2308.9,2060,15.0,1.121,3.0,83.9,114.0
2021-09-19T11:42:17Z,Walk,Afternoon Walk,3174.3,2678,33.0,1.185,2.2,85.4,108.0
2021-09-18T17:24:46Z,Walk,Evening Walk,7903.0,6860,35.0,1.152,3.2,82.4,112.0
2021-09-15T18:51:16Z,Ride,Evening Ride,17442.9,2714,50.0,6.427,10.6,124.9,156.0
2021-09-14T18:06:58Z,Ride,Evening Ride,41936.0,7373,350.0,5.688,13.3,155.6,198.0
2021-09-13T19:47:08Z,Walk,Evening Walk,2878.9,2026,24.0,1.421,2.4,93.3,117.0
2021-09-12T19:31:22Z,Ride,Evening Ride,24978.8,4403,222.0,5.673,14.9,121.7,173.0
2021-09-09T20:26:37Z,Ride,Evening Ride,22729.9,3351,73.0,6.783,11.5,137.2,181.0
2021-09-07T18:19:19Z,Ride,Evening Ride,45397.4,8457,233.0,5.368,13.5,130.2,190.0
2021-09-04T12:41:06Z,Ride,Afternoon Ride,57753.7,9460,327.0,6.105,16.1,128.6,189.0
2021-09-01T20:31:02Z,Ride,Evening Ride,3459.9,705,17.0,4.908,9.5,104.5,123.0
2021-08-29T17:25:01Z,Ride,Evening Ride,55965.3,7984,245.0,7.01,16.4,141.9,180.0
2021-08-29T12:46:29Z,Walk,Afternoon Walk,5278.6,4821,69.0,1.095,2.4,78.2,109.0
2021-08-28T12:07:17Z,Ride,Afternoon Ride,10685.0,2266,39.0,4.715,9.4,106.2,156.0
2021-08-27T19:07:41Z,Ride,Evening Ride,36247.4,7228,295.0,5.015,12.8,131.7,189.0
2021-08-22T21:42:12Z,Ride,Night Ride,3177.8,793,53.0,4.007,11.3,122.0,171.0
2021-08-22T11:12:53Z,Ride,Afternoon Ride,84967.7,19239,804.0,4.416,15.3,115.4,173.0
2021-08-21T11:52:38Z,Ride,Afternoon Ride,108437.0,19062,750.0,5.689,15.3,132.4,186.0
2021-08-20T16:14:44Z,Ride,Evening Ride,5223.6,1034,19.1,5.052,18.1,,
2021-08-18T19:03:56Z,Ride,Evening Ride,32077.9,6751,352.0,4.752,12.6,147.7,194.0
2021-08-16T19:26:03Z,Ride,Evening Ride,31697.8,6034,181.0,5.253,14.3,119.8,190.0
2021-08-15T09:47:36Z,Surfing,Morning Surfing,29257.0,6437,18.2,4.545,14.9,160.8,197.0
2021-08-14T08:17:50Z,Ride,Morning Ride,136586.0,24040,472.0,5.682,16.6,133.3,190.0
2021-08-11T19:29:54Z,Ride,Evening Ride,25192.4,5293,221.0,4.76,11.7,137.0,192.0
2021-08-10T18:17:42Z,Ride,Evening Ride,36692.3,6765,192.0,5.424,17.5,123.2,195.0
2021-08-07T12:30:10Z,Kayaking,Afternoon Kayaking,18232.4,16051,3.0,1.136,3.4,83.2,133.0
2021-08-05T18:09:32Z,Ride,Evening Ride,80679.2,12396,363.0,6.508,15.4,155.5,190.0
2021-08-01T18:25:34Z,Ride,Evening Ride,43144.0,6310,133.0,6.837,13.0,145.3,189.0
2021-07-31T19:52:35Z,Ride,Evening Ride,12476.9,2255,54.0,5.533,8.9,100.9,130.0
2021-07-31T16:49:54Z,Walk,Evening Walk,1509.7,1689,9.0,0.894,2.4,83.7,124.0
2021-07-30T19:11:46Z,Ride,Evening Ride,5280.7,969,30.0,5.45,9.4,101.0,134.0
2021-07-29T18:40:39Z,Ride,Evening Ride,45058.7,7493,278.0,6.013,16.0,145.4,194.0
2021-07-27T20:39:46Z,Ride,Evening Ride,40226.6,6373,264.0,6.312,13.1,127.9,187.0
2021-07-26T21:02:42Z,Walk,Night Walk,5468.8,4181,17.0,1.308,2.2,80.6,111.0
2021-07-25T13:09:27Z,Workout,Afternoon Workout,537.6,651,34.0,0.826,4.5,92.9,114.0
2021-07-24T17:31:56Z,Walk,Evening Walk,3193.1,3407,77.0,0.937,3.9,86.4,123.0
2021-07-22T18:50:04Z,Ride,Evening Ride,43701.6,6989,293.0,6.253,13.5,145.9,189.0
2021-07-21T19:02:10Z,Ride,Evening Ride,1275.0,240,3.0,5.313,9.0,95.2,113.0
2021-07-16T20:53:32Z,Ride,Evening Ride,16832.0,2879,104.0,5.846,12.2,111.8,153.0
2021-07-11T20:42:16Z,Ride,Evening Ride,15976.8,3203,94.0,4.988,16.5,97.9,156.0
2021-07-09T14:05:54Z,Swim,Afternoon Swim,81.3,176,0.0,0.462,1.0,121.2,141.0
2021-07-07T21:22:22Z,Ride,Night Ride,41081.5,4857,181.0,8.458,16.0,175.6,198.0
2021-07-06T20:12:05Z,Ride,Evening Ride,22897.0,4243,108.0,5.396,13.5,107.4,170.0
2021-07-04T11:25:56Z,Ride,Afternoon Ride,82230.8,18897,780.0,4.352,11.7,103.9,171.0
2021-07-03T21:03:13Z,Walk,Night Walk,3802.4,3513,50.0,1.082,2.9,91.3,117.0
2021-06-30T22:21:59Z,Ride,Night Ride,4140.2,891,52.0,4.647,13.1,112.9,166.0
2021-06-29T18:44:49Z,Ride,Evening Ride,45498.9,10145,296.0,4.485,11.1,112.3,194.0
2021-06-27T13:44:41Z,Ride,Afternoon Ride,54385.2,9571,327.0,5.682,13.4,117.3,178.0
2021-06-26T20:55:41Z,Ride,Evening Ride,20754.7,4591,199.0,4.521,14.5,102.0,163.0
2021-06-26T12:05:29Z,Workout,Afternoon Workout,3405.3,1270,23.0,2.681,10.0,70.3,100.0
2021-06-24T13:05:55Z,Ride,Afternoon Ride,100306.0,15424,468.0,6.503,15.6,134.2,181.0
2021-06-23T18:26:49Z,Ride,Evening Ride,10889.1,2599,73.0,4.19,9.3,98.8,143.0
2021-06-22T21:33:36Z,Ride,Night Ride,30342.8,5108,171.0,5.94,15.4,123.6,193.0
2021-06-20T12:01:03Z,Ride,Afternoon Ride,38106.8,6585,141.0,5.787,13.1,107.6,160.0
2021-06-19T11:06:24Z,Ride,Afternoon Ride,115150.0,19912,421.0,5.783,14.8,119.9,176.0
2021-06-18T18:39:01Z,Ride,Evening Ride,35683.8,5745,110.0,6.211,13.0,128.2,171.0
2021-06-17T22:02:01Z,Ride,Night Ride,6722.7,1263,23.0,5.323,7.4,108.9,144.0
2021-06-16T12:02:29Z,Ride,Afternoon Ride,16711.8,2547,80.0,6.561,10.7,142.3,179.0
2021-06-14T18:35:55Z,Ride,Evening Ride,40192.4,5906,201.0,6.805,15.2,134.6,188.0
2021-06-14T12:10:03Z,Walk,Afternoon Walk,2299.1,1801,6.0,1.277,2.2,78.4,93.0
2021-06-13T11:18:18Z,Kayaking,Afternoon Kayaking,24696.6,14934,170.0,1.654,3.3,94.6,135.0
2021-06-12T10:34:06Z,Kayaking,Morning Kayaking,13153.4,13913,4.0,0.945,4.3,77.7,131.0
2021-06-10T18:49:04Z,Ride,Evening Ride,43071.9,7178,288.0,6.001,15.3,114.4,170.0
2021-06-09T12:23:18Z,Walk,Afternoon Walk,2349.0,1702,14.0,1.38,2.5,98.0,118.0
2021-06-02T17:44:49Z,Ride,Evening Ride,21710.9,4714,135.0,4.606,14.3,99.6,144.0
2021-06-02T12:05:09Z,Walk,Afternoon Walk,2317.5,1807,42.0,1.283,4.0,89.8,136.0
2021-05-25T08:46:54Z,Ride,Morning Ride,128757.0,29234,1418.0,4.404,13.4,125.5,170.0
2021-05-24T10:21:32Z,Ride,Morning Ride,110355.0,25812,868.0,4.275,13.2,114.6,157.0
2021-05-23T09:50:10Z,Ride,Morning Ride,141591.0,41818,1470.0,3.386,14.2,119.0,161.0
2021-05-22T06:51:25Z,Ride,Morning Ride,164125.0,37079,1342.0,4.426,12.8,127.2,175.0
2021-05-21T09:10:44Z,Ride,Morning Ride,173694.0,39712,1514.0,4.374,14.3,139.4,187.0
2021-05-20T15:27:18Z,Ride,Evening Ride,17617.6,3823,148.0,4.608,8.4,109.1,153.0
2021-05-19T14:19:13Z,Ride,Afternoon Ride,18553.8,3988,136.0,4.652,11.5,117.7,170.0
2021-05-17T21:06:15Z,Walk,Night Walk,4661.5,3527,10.0,1.322,4.1,91.1,121.0
2021-05-16T11:01:21Z,Ride,Afternoon Ride,27348.1,4265,133.0,6.412,14.1,123.9,159.0
2021-05-15T12:25:31Z,Ride,Afternoon Ride,115270.0,22229,668.0,5.186,15.8,118.7,162.0
2021-05-14T18:08:28Z,Ride,Evening Ride,50624.5,7205,297.0,7.026,16.7,161.8,185.0
2021-05-11T18:51:41Z,Ride,Evening Ride,36497.0,7308,273.0,4.994,12.3,119.3,185.0
2021-05-10T20:17:25Z,Ride,Evening Ride,34912.1,6519,239.0,5.355,12.1,122.1,170.0
2021-05-09T14:54:38Z,Ride,Afternoon Ride,101489.0,19050,472.0,5.328,15.0,131.7,182.0
2021-05-07T16:54:25Z,Ride,Evening Ride,37717.0,7307,245.0,5.162,12.5,135.2,188.0
2021-05-01T11:33:16Z,Ride,Afternoon Ride,103556.0,20978,741.0,4.936,15.4,127.5,189.0
2021-04-30T15:32:18Z,Run,Evening Run,5770.9,2123,48.0,2.718,4.1,149.7,183.0
2021-04-28T19:34:31Z,Ride,Evening Ride,3605.3,837,55.0,4.307,14.3,120.3,162.0
2021-04-28T17:26:21Z,Ride,Evening Ride,34463.3,5687,297.0,6.06,15.3,165.6,194.0
2021-04-25T12:24:17Z,Ride,Afternoon Ride,72531.6,12354,262.0,5.871,11.8,133.9,179.0
2021-04-24T12:02:29Z,Ride,Afternoon Ride,121536.0,20364,623.0,5.968,16.9,144.9,192.0
2021-04-21T19:30:23Z,Walk,Evening Walk,5523.7,4264,86.0,1.295,2.6,97.8,130.0
2021-04-20T18:32:00Z,Ride,Evening Ride,26514.6,4756,223.0,5.575,12.5,156.7,191.0
2021-04-19T20:31:22Z,Ride,Evening Ride,27975.4,6270,245.0,4.462,13.2,126.5,187.0
2021-04-18T10:54:15Z,Ride,Morning Ride,76836.0,14117,374.0,5.443,16.1,126.0,179.0
2021-04-17T12:42:08Z,Ride,Afternoon Ride,121603.0,26204,755.0,4.641,14.3,141.2,183.0
2021-04-16T20:20:13Z,Ride,Evening Ride,23580.4,4010,94.0,5.88,11.7,128.2,175.0
2021-04-14T20:19:57Z,Run,Evening Run,5785.9,2160,11.0,2.679,4.1,164.9,181.0
2021-04-11T13:09:19Z,Ride,Afternoon Ride,53448.5,10156,314.0,5.263,16.9,128.1,176.0
2021-04-10T11:52:14Z,Ride,Afternoon Ride,69856.5,12555,218.0,5.564,14.3,125.7,178.0
2021-04-10T10:51:33Z,Ride,Morning Ride,15752.7,2408,31.0,6.542,12.6,125.8,167.0
2021-04-09T19:03:36Z,Ride,Evening Ride,27456.2,6474,255.0,4.241,15.4,133.1,190.0
2021-04-08T21:31:37Z,Run,Night Run,6047.2,2477,20.0,2.441,4.1,138.6,156.0
2021-04-05T15:14:57Z,Run,Evening Run,6078.2,2333,45.0,2.605,6.2,150.0,183.0
2021-04-03T11:23:35Z,Ride,Afternoon Ride,65935.8,10352,154.0,6.369,13.5,159.2,188.0
2021-03-31T12:49:02Z,Ride,Afternoon Ride,105428.0,19307,524.0,5.461,17.1,147.5,186.0
2021-03-30T19:31:27Z,Ride,Evening Ride,37324.8,5814,209.0,6.42,12.2,146.2,181.0
2021-03-28T17:50:43Z,Ride,Evening Ride,20061.6,4188,89.0,4.79,12.5,117.9,173.0
2021-03-27T11:05:27Z,Ride,Afternoon Ride,80328.6,17241,221.0,4.659,14.0,132.9,172.0
2021-03-26T18:15:12Z,Ride,Evening Ride,52844.4,8606,154.0,6.14,13.6,153.0,190.0
2021-03-20T21:38:12Z,Ride,Night Ride,2965.3,613,59.0,4.837,8.0,117.1,153.0
2021-03-20T11:43:06Z,Ride,Afternoon Ride,25613.7,5674,186.9,4.514,10.5,,
2021-03-20T09:52:50Z,Ride,Morning Ride,3156.6,571,5.0,5.528,12.1,97.4,116.0
2021-03-14T13:28:41Z,Ride,Afternoon Ride,33025.4,5885,119.0,5.612,14.8,143.6,191.0
2021-03-14T10:48:29Z,Walk,Morning Walk,7581.6,6845,64.0,1.108,2.6,97.9,129.0
2021-03-13T12:51:43Z,Walk,Afternoon Walk,10178.6,7473,79.0,1.362,3.7,93.2,125.0
2021-03-11T11:10:25Z,Ride,Afternoon Ride,29554.6,5856,133.0,5.047,13.2,135.2,195.0
2021-03-06T12:40:01Z,Ride,Afternoon Ride,50962.3,10573,183.0,4.82,11.5,122.8,174.0
2021-03-05T16:51:36Z,Ride,Evening Ride,24004.7,4426,114.0,5.424,11.3,139.0,193.0
2021-02-28T12:13:29Z,Ride,Afternoon Ride,9789.5,2010,30.0,4.87,12.8,152.1,180.0
2021-02-27T11:46:25Z,Ride,Afternoon Ride,60724.9,10435,236.0,5.819,14.7,152.0,193.0
2021-02-24T19:37:14Z,Walk,Evening Walk,2182.3,1885,9.0,1.158,2.1,83.9,108.0
2021-02-21T10:59:21Z,Hike,Morning Hike,14897.6,10748,14.0,1.386,2.7,116.5,150.0
2021-02-20T09:08:00Z,Hike,Morning Hike,23701.2,17315,172.0,1.369,4.3,119.7,168.0
2021-02-16T14:35:14Z,Hike,Afternoon Hike,15031.1,10435,183.8,1.44,2.6,120.0,183.0
2021-02-14T13:38:59Z,Ride,Afternoon Ride,21760.9,5828,99.0,3.734,11.3,119.0,175.0
2021-02-13T14:46:26Z,Hike,Afternoon Hike,10027.2,7662,94.0,1.309,4.7,107.0,176.0
2021-02-09T19:54:30Z,Walk,Evening Walk,6271.4,4656,23.0,1.347,2.3,96.3,123.0
2021-02-07T12:47:21Z,Hike,Afternoon Hike,25866.3,17245,60.0,1.5,4.2,114.5,176.0
2021-02-04T21:47:49Z,Walk,Night Walk,4441.5,3305,13.0,1.344,2.6,89.1,113.0
2021-01-30T13:38:33Z,Walk,Afternoon Walk,7378.1,6203,171.0,1.189,2.4,100.6,133.0
2021-01-26T19:36:23Z,Walk,Evening Walk,4732.5,3868,39.0,1.224,3.4,103.1,150.0
2021-01-21T18:37:24Z,Run,Evening Run,8409.0,3137,29.0,2.681,4.7,162.5,173.0
2021-01-20T19:23:49Z,Walk,Evening Walk,2585.8,2083,20.0,1.241,2.1,89.8,113.0
2021-01-17T12:13:08Z,Hike,Afternoon Hike,16595.9,11937,141.5,1.39,3.3,99.5,149.0
2021-01-16T13:04:08Z,Walk,Afternoon Walk,11373.6,8910,253.0,1.276,4.9,105.1,178.0
2021-01-15T18:19:28Z,Walk,Evening Walk,5489.0,3963,19.0,1.385,2.6,99.6,121.0
2021-01-12T20:36:04Z,Walk,Evening Walk,3160.1,2202,12.0,1.435,3.0,84.5,98.0
2021-01-10T13:24:28Z,Hike,Afternoon Hike,21140.8,15193,342.7,1.391,4.1,108.4,160.0
2021-01-08T18:24:49Z,Walk,Evening Walk,5718.4,4545,63.0,1.258,2.3,79.3,99.0
2021-01-07T17:35:56Z,Run,Evening Run,9373.5,3443,26.0,2.722,4.2,154.4,175.0
2021-01-06T18:38:08Z,Walk,Evening Walk,7793.7,6035,39.0,1.291,2.8,86.9,134.0
2021-01-05T19:48:55Z,Walk,Evening Walk,8199.3,5997,116.0,1.367,4.3,91.6,121.0
2021-01-03T12:45:42Z,Ride,Afternoon Ride,62101.7,10121,241.0,6.136,11.9,142.8,195.0
2021-01-02T12:42:24Z,Hike,Afternoon Hike,21458.5,15175,330.1,1.414,9.0,98.8,146.0
2021-01-01T13:46:08Z,Hike,Afternoon Hike,21152.3,15270,537.0,1.385,3.4,106.0,165.0
2020-12-31T14:53:27Z,Ride,Afternoon Ride,40392.0,6883,239.0,5.868,13.5,148.7,192.0
2020-12-30T13:22:10Z,Walk,Afternoon Walk,11646.4,6678,103.0,1.744,3.6,99.1,174.0
2020-12-29T14:11:30Z,Walk,Afternoon Walk,1500.2,1266,16.0,1.185,1.9,95.4,128.0
2020-12-28T20:35:29Z,Walk,Evening Walk,3751.6,2852,21.0,1.315,2.2,89.0,116.0
2020-12-27T11:33:06Z,Hike,Afternoon Hike,15288.5,13444,540.0,1.137,2.4,97.3,145.0
2020-12-26T18:49:02Z,Walk,Evening Walk,4229.0,4161,14.0,1.016,2.8,84.4,117.0
2020-12-25T14:15:22Z,Ride,Afternoon Ride,50975.7,8195,162.0,6.22,12.9,142.0,185.0
2020-12-22T18:42:38Z,Walk,Evening Walk,5684.0,4171,73.0,1.363,3.0,92.9,137.0
2020-12-20T14:09:38Z,Ride,Afternoon Ride,50272.7,8881,207.0,5.661,13.8,135.4,196.0
2020-12-19T13:39:18Z,Walk,Afternoon Walk,8876.9,6658,58.0,1.333,2.4,84.8,108.0
2020-12-17T19:48:23Z,Ride,Evening Ride,55091.2,9207,176.0,5.984,12.8,131.2,180.0
2020-12-16T20:17:34Z,Walk,Evening Walk,2282.0,1720,8.0,1.327,2.9,86.7,105.0
2020-12-10T17:31:06Z,Ride,Evening Ride,52359.4,9720,295.0,5.387,12.1,147.8,189.0
2020-12-09T18:17:31Z,Run,Evening Run,9328.4,3349,88.0,2.785,4.0,155.3,184.0
2020-12-08T11:48:24Z,WeightTraining,Afternoon WeightTraining,0.0,929,0.0,0.0,0.0,111.8,151.0
2020-12-06T13:47:51Z,Walk,Afternoon Walk,8455.6,6487,124.0,1.303,4.0,107.5,129.0
2020-12-05T11:32:43Z,Ride,Afternoon Ride,79997.7,12243,487.0,6.534,13.4,144.8,192.0
2020-12-04T19:07:32Z,Walk,Evening Walk,4537.9,3250,35.0,1.396,6.0,82.6,107.0
2020-12-04T17:56:09Z,Walk,Evening Walk,1600.0,1802,29.0,0.888,1.9,82.4,113.0
2020-12-02T18:32:34Z,Ride,Evening Ride,30262.3,4990,183.0,6.065,14.5,89.7,135.0
2020-12-02T08:06:44Z,Ride,Morning Ride,5512.4,796,4.0,6.925,10.6,83.7,109.0
2020-12-01T17:39:26Z,Ride,Evening Ride,35526.1,7061,146.0,5.031,12.2,110.6,151.0
2020-11-30T20:24:14Z,Run,Evening Run,8015.4,2834,29.0,2.828,4.4,145.9,170.0
2020-11-27T16:37:15Z,Ride,Evening Ride,50518.7,7259,306.0,6.959,15.5,116.2,161.0
2020-11-25T19:33:40Z,Walk,Evening Walk,6598.8,4067,14.0,1.623,2.6,91.0,118.0
2020-11-24T19:26:37Z,Ride,Evening Ride,53393.7,8895,375.0,6.003,14.2,119.7,174.0
2020-11-21T18:58:18Z,Ride,Evening Ride,3215.4,708,61.0,4.542,8.2,136.9,169.0
2020-11-21T10:27:49Z,Ride,Morning Ride,127727.0,18685,830.0,6.836,15.3,141.3,181.0
2020-11-20T16:07:41Z,Ride,Evening Ride,21112.6,3944,155.0,5.353,9.9,125.8,165.0
2020-11-19T19:47:15Z,Run,Evening Run,12025.6,4172,40.0,2.882,4.7,166.9,180.0
2020-11-17T19:08:58Z,Ride,Evening Ride,27896.7,4143,222.0,6.733,14.5,156.2,189.0
2020-11-15T19:33:08Z,Walk,Evening Walk,6409.2,4653,36.0,1.377,2.3,101.8,130.0
2020-11-15T15:10:25Z,Ride,Evening Ride,66363.4,9832,431.0,6.75,15.4,125.6,168.0
2020-11-11T18:57:07Z,Ride,Evening Ride,51559.4,7952,225.0,6.484,14.6,123.6,164.0
2020-11-09T18:29:03Z,Run,Evening Run,12038.4,4012,71.0,3.001,5.0,167.6,187.0
2020-11-08T10:26:35Z,Ride,Morning Ride,110531.0,17947,427.0,6.159,15.7,134.1,187.0
2020-11-08T08:04:06Z,Workout,Morning Workout,0.0,342,0.0,0.0,0.0,59.2,68.0
2020-11-07T15:06:41Z,Walk,Evening Walk,2680.4,2613,32.0,1.026,2.2,92.0,124.0
2020-11-06T19:49:51Z,Ride,Evening Ride,22079.8,3032,136.0,7.282,14.0,130.5,184.0
2020-11-06T17:26:49Z,Workout,Evening Workout,2396.4,211,17.0,11.357,17.7,66.2,75.0
2020-11-06T17:03:50Z,Walk,Evening Walk,511.5,350,9.0,1.461,2.5,92.9,116.0
2020-11-03T17:06:07Z,Ride,Evening Ride,45601.3,8487,200.8,5.373,14.5,,
2020-10-31T12:21:29Z,Ride,Afternoon Ride,60661.8,9310,105.7,6.516,11.9,,
2020-10-28T18:58:54Z,Ride,Evening Ride,52238.4,8707,207.5,6.0,15.0,,
2020-10-25T10:31:50Z,Ride,Morning Ride,85348.2,14422,159.9,5.918,11.9,,
2020-10-20T16:00:34Z,Ride,Evening Ride,33210.8,5563,217.4,5.97,16.2,,
2020-10-18T11:58:19Z,Ride,Afternoon Ride,43016.5,7350,119.4,5.853,11.5,,
2020-10-10T06:08:52Z,Ride,Morning Ride,203134.0,30053,622.4,6.759,15.2,,
2020-10-08T19:59:39Z,Ride,Evening Ride,33894.4,5100,113.6,6.646,15.0,,
2020-10-06T17:45:11Z,Ride,Evening Ride,42502.7,8064,134.9,5.271,12.1,,
2020-10-04T12:43:45Z,Ride,Afternoon Ride,63456.8,13271,281.9,4.782,12.6,,
2020-09-27T09:10:54Z,Ride,Morning Ride,124523.0,28364,765.1,4.39,16.8,,
2020-09-26T20:35:18Z,Ride,Evening Ride,25000.2,4385,105.6,5.701,13.5,,
2020-09-25T18:54:47Z,Ride,Evening Ride,16331.2,3801,92.9,4.297,11.6,,
2020-09-19T12:10:21Z,Ride,Afternoon Ride,126805.0,27493,823.3,4.612,13.6,,
2020-09-15T19:21:27Z,Ride,Evening Ride,24302.4,6638,81.6,3.661,16.3,,
2020-09-12T13:09:02Z,Ride,Afternoon Ride,98281.1,18931,618.0,5.192,12.8,,
2020-09-06T12:54:31Z,Ride,Afternoon Ride,53726.4,12629,349.9,4.254,14.0,,
2020-09-05T12:50:28Z,Ride,Afternoon Ride,71307.1,14338,366.7,4.973,13.3,,
2020-09-02T18:55:09Z,Ride,Evening Ride,28254.5,5814,272.1,4.86,12.6,,
2020-08-29T19:14:38Z,Ride,Evening Ride,39428.7,8107,164.5,4.864,12.5,,
2020-08-28T19:15:13Z,Ride,Evening Ride,27635.0,5357,134.9,5.159,17.92,,
2020-08-22T17:11:57Z,Ride,Evening Ride,33421.8,6763,228.1,4.942,15.4,,
2020-08-16T09:24:57Z,Ride,Morning Ride,104043.0,15907,429.9,6.541,15.0,,
2020-08-08T11:33:49Z,Ride,Afternoon Ride,155344.0,35184,496.9,4.415,16.5,,
2020-08-06T19:09:25Z,Ride,Evening Ride,21741.4,5678,186.4,3.829,13.8,,
2020-04-13T11:42:10Z,EBikeRide,Afternoon EBikeRide,128058.0,13183,491.2,9.714,31.3,,
2021-01-06T18:38:08Z,Walk,Evening Walk,7793.7,6035,39.0,1.291,2.8,86.9,134.0
2021-01-05T19:48:55Z,Walk,Evening Walk,8199.3,5997,116.0,1.367,4.3,91.6,121.0
2021-01-03T12:45:42Z,Ride,Afternoon Ride,62101.7,10121,241.0,6.136,11.9,142.8,195.0
2021-01-02T12:42:24Z,Hike,Afternoon Hike,21458.5,15175,330.1,1.414,9.0,98.8,146.0
2021-01-01T13:46:08Z,Hike,Afternoon Hike,21152.3,15270,537.0,1.385,3.4,106.0,165.0
2020-12-31T14:53:27Z,Ride,Afternoon Ride,40392.0,6883,239.0,5.868,13.5,148.7,192.0
2020-12-30T13:22:10Z,Walk,Afternoon Walk,11646.4,6678,103.0,1.744,3.6,99.1,174.0
2020-12-29T14:11:30Z,Walk,Afternoon Walk,1500.2,1266,16.0,1.185,1.9,95.4,128.0
2020-12-28T20:35:29Z,Walk,Evening Walk,3751.6,2852,21.0,1.315,2.2,89.0,116.0
2020-12-27T11:33:06Z,Hike,Afternoon Hike,15288.5,13444,540.0,1.137,2.4,97.3,145.0
2020-12-26T18:49:02Z,Walk,Evening Walk,4229.0,4161,14.0,1.016,2.8,84.4,117.0
2020-12-25T14:15:22Z,Ride,Afternoon Ride,50975.7,8195,162.0,6.22,12.9,142.0,185.0
2020-12-22T18:42:38Z,Walk,Evening Walk,5684.0,4171,73.0,1.363,3.0,92.9,137.0
2020-12-20T14:09:38Z,Ride,Afternoon Ride,50272.7,8881,207.0,5.661,13.8,135.4,196.0
2020-12-19T13:39:18Z,Walk,Afternoon Walk,8876.9,6658,58.0,1.333,2.4,84.8,108.0
2020-12-17T19:48:23Z,Ride,Evening Ride,55091.2,9207,176.0,5.984,12.8,131.2,180.0
2020-12-16T20:17:34Z,Walk,Evening Walk,2282.0,1720,8.0,1.327,2.9,86.7,105.0
2020-12-10T17:31:06Z,Ride,Evening Ride,52359.4,9720,295.0,5.387,12.1,147.8,189.0
2020-12-09T18:17:31Z,Run,Evening Run,9328.4,3349,88.0,2.785,4.0,155.3,184.0
2020-12-08T11:48:24Z,WeightTraining,Afternoon WeightTraining,0.0,929,0.0,0.0,0.0,111.8,151.0
2020-12-06T13:47:51Z,Walk,Afternoon Walk,8455.6,6487,124.0,1.303,4.0,107.5,129.0
2020-12-05T11:32:43Z,Ride,Afternoon Ride,79997.7,12243,487.0,6.534,13.4,144.8,192.0
2020-12-04T19:07:32Z,Walk,Evening Walk,4537.9,3250,35.0,1.396,6.0,82.6,107.0
2020-12-04T17:56:09Z,Walk,Evening Walk,1600.0,1802,29.0,0.888,1.9,82.4,113.0
2020-12-02T18:32:34Z,Ride,Evening Ride,30262.3,4990,183.0,6.065,14.5,89.7,135.0
2020-12-02T08:06:44Z,Ride,Morning Ride,5512.4,796,4.0,6.925,10.6,83.7,109.0
2020-12-01T17:39:26Z,Ride,Evening Ride,35526.1,7061,146.0,5.031,12.2,110.6,151.0
2020-11-30T20:24:14Z,Run,Evening Run,8015.4,2834,29.0,2.828,4.4,145.9,170.0
2020-11-27T16:37:15Z,Ride,Evening Ride,50518.7,7259,306.0,6.959,15.5,116.2,161.0
2020-11-25T19:33:40Z,Walk,Evening Walk,6598.8,4067,14.0,1.623,2.6,91.0,118.0
2020-11-24T19:26:37Z,Ride,Evening Ride,53393.7,8895,375.0,6.003,14.2,119.7,174.0
2020-11-21T18:58:18Z,Ride,Evening Ride,3215.4,708,61.0,4.542,8.2,136.9,169.0
2020-11-21T10:27:49Z,Ride,Morning Ride,127727.0,18685,830.0,6.836,15.3,141.3,181.0
2020-11-20T16:07:41Z,Ride,Evening Ride,21112.6,3944,155.0,5.353,9.9,125.8,165.0
2020-11-19T19:47:15Z,Run,Evening Run,12025.6,4172,40.0,2.882,4.7,166.9,180.0
2020-11-17T19:08:58Z,Ride,Evening Ride,27896.7,4143,222.0,6.733,14.5,156.2,189.0
2020-11-15T19:33:08Z,Walk,Evening Walk,6409.2,4653,36.0,1.377,2.3,101.8,130.0
2020-11-15T15:10:25Z,Ride,Evening Ride,66363.4,9832,431.0,6.75,15.4,125.6,168.0
2020-11-11T18:57:07Z,Ride,Evening Ride,51559.4,7952,225.0,6.484,14.6,123.6,164.0
2020-11-09T18:29:03Z,Run,Evening Run,12038.4,4012,71.0,3.001,5.0,167.6,187.0
2020-11-08T10:26:35Z,Ride,Morning Ride,110531.0,17947,427.0,6.159,15.7,134.1,187.0
2020-11-08T08:04:06Z,Workout,Morning Workout,0.0,342,0.0,0.0,0.0,59.2,68.0
2020-11-07T15:06:41Z,Walk,Evening Walk,2680.4,2613,32.0,1.026,2.2,92.0,124.0
2020-11-06T19:49:51Z,Ride,Evening Ride,22079.8,3032,136.0,7.282,14.0,130.5,184.0
2020-11-06T17:26:49Z,Workout,Evening Workout,2396.4,211,17.0,11.357,17.7,66.2,75.0
2020-11-06T17:03:50Z,Walk,Evening Walk,511.5,350,9.0,1.461,2.5,92.9,116.0
2020-11-03T17:06:07Z,Ride,Evening Ride,45601.3,8487,200.8,5.373,14.5,,
2020-10-31T12:21:29Z,Ride,Afternoon Ride,60661.8,9310,105.7,6.516,11.9,,
2020-10-28T18:58:54Z,Ride,Evening Ride,52238.4,8707,207.5,6.0,15.0,,
2020-10-25T10:31:50Z,Ride,Morning Ride,85348.2,14422,159.9,5.918,11.9,,
2020-10-20T16:00:34Z,Ride,Evening Ride,33210.8,5563,217.4,5.97,16.2,,
2020-10-18T11:58:19Z,Ride,Afternoon Ride,43016.5,7350,119.4,5.853,11.5,,
2020-10-10T06:08:52Z,Ride,Morning Ride,203134.0,30053,622.4,6.759,15.2,,
2020-10-08T19:59:39Z,Ride,Evening Ride,33894.4,5100,113.6,6.646,15.0,,
2020-10-06T17:45:11Z,Ride,Evening Ride,42502.7,8064,134.9,5.271,12.1,,
2020-10-04T12:43:45Z,Ride,Afternoon Ride,63456.8,13271,281.9,4.782,12.6,,
2020-09-27T09:10:54Z,Ride,Morning Ride,124523.0,28364,765.1,4.39,16.8,,
2020-09-26T20:35:18Z,Ride,Evening Ride,25000.2,4385,105.6,5.701,13.5,,
2020-09-25T18:54:47Z,Ride,Evening Ride,16331.2,3801,92.9,4.297,11.6,,
2020-09-19T12:10:21Z,Ride,Afternoon Ride,126805.0,27493,823.3,4.612,13.6,,
2020-09-15T19:21:27Z,Ride,Evening Ride,24302.4,6638,81.6,3.661,16.3,,
2020-09-12T13:09:02Z,Ride,Afternoon Ride,98281.1,18931,618.0,5.192,12.8,,
2020-09-06T12:54:31Z,Ride,Afternoon Ride,53726.4,12629,349.9,4.254,14.0,,
2020-09-05T12:50:28Z,Ride,Afternoon Ride,71307.1,14338,366.7,4.973,13.3,,
2020-09-02T18:55:09Z,Ride,Evening Ride,28254.5,5814,272.1,4.86,12.6,,
2020-08-29T19:14:38Z,Ride,Evening Ride,39428.7,8107,164.5,4.864,12.5,,
2020-08-28T19:15:13Z,Ride,Evening Ride,27635.0,5357,134.9,5.159,17.92,,
2020-08-22T17:11:57Z,Ride,Evening Ride,33421.8,6763,228.1,4.942,15.4,,
2020-08-16T09:24:57Z,Ride,Morning Ride,104043.0,15907,429.9,6.541,15.0,,
2020-08-08T11:33:49Z,Ride,Afternoon Ride,155344.0,35184,496.9,4.415,16.5,,
2020-08-06T19:09:25Z,Ride,Evening Ride,21741.4,5678,186.4,3.829,13.8,,
2020-04-13T11:42:10Z,EBikeRide,Afternoon EBikeRide,128058.0,13183,491.2,9.714,31.3,,
